first_name,surname,email
John,Wilson,johnwilson@outlook.com
Mary,Wilson,marywilson@list.ru
Jennifer,Jackson,jenniferjackson@yahoo.com
Charles,Moore,charlesmoore@bk.ru
Elizabeth,Lee,elizabethlee@mail.ru
Elizabeth,Brown,elizabethbrown@bk.ru
Michael,Martinez,michaelmartinez@rambler.ru
Joseph,Garcia,josephgarcia@iCloud.com
Charles,Smith,charlessmith@mail.ru
Robert,Martin,robertmartin@mail.ru
Joseph,Smith,josephsmith@mail.ru
Thomas,Moore,thomasmoore@list.ru
Elizabeth,Johnson,elizabethjohnson@rambler.ru
Jennifer,Rodriguez,jenniferrodriguez@rambler.ru
Mary,Martinez,marymartinez@internet.ru
Michael,Johnson,michaeljohnson@inbox.ru
Jennifer,Smith,jennifersmith@yandex.ru
Mark,Lee,marklee@gmail.com
Susan,Williams,susanwilliams@yandex.ru
Thomas,Garcia,thomasgarcia@internet.ru
Robert,Brown,robertbrown@internet.ru
William,Taylor,williamtaylor@yandex.ru
Joseph,Johnson,josephjohnson@rambler.ru
Joseph,Rodriguez,josephrodriguez@rambler.ru
Joseph,Anderson,josephanderson@mail.ru
Richard,Martinez,richardmartinez@yahoo.com
Barbara,Rodriguez,barbararodriguez@internet.ru
Mark,Miller,markmiller@gmail.com
Charles,Taylor,charlestaylor@yahoo.com
David,Smith,davidsmith@gmail.com
James,Williams,jameswilliams@gmail.com
Michael,Miller,michaelmiller@aol.com
Daniel,Anderson,danielanderson@internet.ru
Richard,Rodriguez,richardrodriguez@yandex.ru
William,Smith,williamsmith@yahoo.com
Charles,Wilson,charleswilson@inbox.ru
Mary,Rodriguez,maryrodriguez@gmail.com
Maria,Lee,marialee@outlook.com
Charles,Davis,charlesdavis@gmail.com
Mary,Anderson,maryanderson@yandex.ru
Linda,White,lindawhite@yandex.ru
William,Davis,williamdavis@internet.ru
Michael,Taylor,michaeltaylor@mail.ru
Daniel,Martinez,danielmartinez@gmail.com
Michael,Anderson,michaelanderson@mail.ru
Mark,Smith,marksmith@yahoo.com
Patricia,Miller,patriciamiller@list.ru
Daniel,Miller,danielmiller@aol.com
William,Garcia,williamgarcia@inbox.ru
Mark,Rodriguez,markrodriguez@iCloud.com
Linda,Lee,lindalee@bk.ru
Daniel,Smith,danielsmith@list.ru
Daniel,Davis,danieldavis@gmail.com
Mark,Brown,markbrown@iCloud.com
Barbara,Lee,barbaralee@gmail.com
Thomas,Martinez,thomasmartinez@outlook.com
Elizabeth,Jones,elizabethjones@mail.ru
Robert,White,robertwhite@outlook.com
James,Brown,jamesbrown@inbox.ru
John,Williams,johnwilliams@rambler.ru
Robert,Jones,robertjones@yahoo.com
Patricia,Jackson,patriciajackson@gmail.com
Mary,Miller,marymiller@inbox.ru
Maria,Garcia,mariagarcia@bk.ru
Richard,Smith,richardsmith@yahoo.com
William,Moore,williammoore@yandex.ru
Elizabeth,Thompson,elizabeththompson@outlook.com
Charles,Miller,charlesmiller@gmail.com
John,Lee,johnlee@inbox.ru
David,Taylor,davidtaylor@outlook.com
Maria,Brown,mariabrown@list.ru
Jennifer,Davis,jenniferdavis@outlook.com
Patricia,Anderson,patriciaanderson@yandex.ru
Richard,Miller,richardmiller@list.ru
James,Lee,jameslee@list.ru
Thomas,Brown,thomasbrown@yandex.ru
Linda,Jackson,lindajackson@list.ru
Patricia,Moore,patriciamoore@gmail.com
Jennifer,Brown,jenniferbrown@iCloud.com
Maria,Rodriguez,mariarodriguez@outlook.com
William,Jones,williamjones@bk.ru
Joseph,Taylor,josephtaylor@aol.com
John,Davis,johndavis@list.ru
Daniel,Martin,danielmartin@inbox.ru
Patricia,Jones,patriciajones@yandex.ru
Barbara,Taylor,barbarataylor@yahoo.com
Daniel,Johnson,danieljohnson@inbox.ru
Michael,Brown,michaelbrown@internet.ru
Patricia,Thompson,patriciathompson@aol.com
Mark,Taylor,marktaylor@iCloud.com
Maria,Thomas,mariathomas@yahoo.com
William,Brown,williambrown@outlook.com
Mary,Taylor,marytaylor@iCloud.com
Patricia,Brown,patriciabrown@rambler.ru
Jennifer,Martin,jennifermartin@mail.ru
Daniel,Garcia,danielgarcia@mail.ru
Richard,Garcia,richardgarcia@inbox.ru
Linda,Martin,lindamartin@mail.ru
Michael,White,michaelwhite@rambler.ru
Mark,Davis,markdavis@internet.ru
James,Martinez,jamesmartinez@list.ru
Linda,Thomas,lindathomas@aol.com
Charles,Lee,charleslee@yahoo.com
Thomas,Miller,thomasmiller@aol.com
William,Wilson,williamwilson@list.ru
Charles,Johnson,charlesjohnson@list.ru
Patricia,Martinez,patriciamartinez@inbox.ru
Jennifer,Williams,jenniferwilliams@outlook.com
John,White,johnwhite@bk.ru
Linda,Johnson,lindajohnson@gmail.com
Daniel,Brown,danielbrown@bk.ru
Susan,Davis,susandavis@outlook.com
Patricia,Johnson,patriciajohnson@yahoo.com
Susan,Lee,susanlee@internet.ru
Elizabeth,Martinez,elizabethmartinez@rambler.ru
James,Moore,jamesmoore@gmail.com
Charles,Thompson,charlesthompson@inbox.ru
Robert,Martinez,robertmartinez@internet.ru
Jennifer,Moore,jennifermoore@iCloud.com
Daniel,Lee,daniellee@bk.ru
Richard,Wilson,richardwilson@inbox.ru
Jennifer,Johnson,jenniferjohnson@yahoo.com
Richard,Moore,richardmoore@iCloud.com
Jennifer,White,jenniferwhite@yandex.ru
Mary,Jackson,maryjackson@internet.ru
Mary,Jones,maryjones@yandex.ru
Maria,Anderson,mariaanderson@internet.ru
Daniel,White,danielwhite@yandex.ru
Richard,White,richardwhite@gmail.com
Linda,Rodriguez,lindarodriguez@bk.ru
Elizabeth,Moore,elizabethmoore@outlook.com
Barbara,Johnson,barbarajohnson@yandex.ru
Elizabeth,Davis,elizabethdavis@outlook.com
Patricia,Thomas,patriciathomas@iCloud.com
Thomas,Wilson,thomaswilson@yahoo.com
Daniel,Williams,danielwilliams@iCloud.com
Linda,Anderson,lindaanderson@list.ru
Barbara,Thompson,barbarathompson@bk.ru
David,Jones,davidjones@list.ru
Mary,Smith,marysmith@aol.com
James,Garcia,jamesgarcia@internet.ru
Barbara,Thomas,barbarathomas@internet.ru
William,Martin,williammartin@iCloud.com
Joseph,Davis,josephdavis@yahoo.com
Charles,Martinez,charlesmartinez@aol.com
David,Lee,davidlee@internet.ru
James,Davis,jamesdavis@internet.ru
Daniel,Jones,danieljones@aol.com
Michael,Lee,michaellee@mail.ru
Mary,Garcia,marygarcia@gmail.com
Michael,Jones,michaeljones@gmail.com
Thomas,Thompson,thomasthompson@rambler.ru
Mary,Moore,marymoore@aol.com
David,Wilson,davidwilson@iCloud.com
Jennifer,Miller,jennifermiller@yahoo.com
Patricia,Williams,patriciawilliams@yandex.ru
Robert,Moore,robertmoore@mail.ru
Michael,Wilson,michaelwilson@yandex.ru
Maria,Thompson,mariathompson@aol.com
Mark,Moore,markmoore@bk.ru
Maria,White,mariawhite@aol.com
Daniel,Thomas,danielthomas@inbox.ru
William,Thompson,williamthompson@bk.ru
Linda,Davis,lindadavis@rambler.ru
John,Brown,johnbrown@iCloud.com
Susan,Smith,susansmith@yahoo.com
Robert,Smith,robertsmith@list.ru
Michael,Jackson,michaeljackson@outlook.com
John,Rodriguez,johnrodriguez@bk.ru
Susan,Taylor,susantaylor@aol.com
Elizabeth,Smith,elizabethsmith@mail.ru
James,Jackson,jamesjackson@yandex.ru
David,Thompson,davidthompson@yahoo.com
Mark,Johnson,markjohnson@rambler.ru
Daniel,Moore,danielmoore@bk.ru
Robert,Lee,robertlee@outlook.com
David,Brown,davidbrown@mail.ru
Robert,Thompson,robertthompson@outlook.com
Maria,Wilson,mariawilson@bk.ru
William,Miller,williammiller@aol.com
Maria,Williams,mariawilliams@rambler.ru
Barbara,White,barbarawhite@yandex.ru
Barbara,Martinez,barbaramartinez@bk.ru
Maria,Jackson,mariajackson@yahoo.com
Richard,Jones,richardjones@inbox.ru
Mark,Garcia,markgarcia@yandex.ru
Michael,Smith,michaelsmith@gmail.com
Charles,Jackson,charlesjackson@gmail.com
Richard,Anderson,richardanderson@iCloud.com
James,Anderson,jamesanderson@list.ru
Barbara,Moore,barbaramoore@yahoo.com
Susan,Jones,susanjones@mail.ru
Jennifer,Lee,jenniferlee@yandex.ru
John,Martin,johnmartin@list.ru
James,Thompson,jamesthompson@internet.ru
Robert,Davis,robertdavis@yandex.ru
William,Lee,williamlee@yandex.ru
Richard,Lee,richardlee@mail.ru
Susan,Moore,susanmoore@outlook.com
Thomas,Jackson,thomasjackson@yahoo.com
James,Thomas,jamesthomas@gmail.com
William,Anderson,williamanderson@inbox.ru
James,Johnson,jamesjohnson@internet.ru
Mary,Johnson,maryjohnson@iCloud.com
Mary,Brown,marybrown@yandex.ru
Mark,Martinez,markmartinez@list.ru
Charles,Martin,charlesmartin@rambler.ru
David,Davis,daviddavis@aol.com
James,Miller,jamesmiller@outlook.com
John,Miller,johnmiller@bk.ru
Thomas,Jones,thomasjones@outlook.com
Elizabeth,Miller,elizabethmiller@list.ru
Mary,Williams,marywilliams@list.ru
Thomas,Johnson,thomasjohnson@bk.ru
Maria,Moore,mariamoore@aol.com
Maria,Martin,mariamartin@iCloud.com
Thomas,Taylor,thomastaylor@internet.ru
Mark,Jones,markjones@internet.ru
Linda,Smith,lindasmith@mail.ru
James,Wilson,jameswilson@yahoo.com
Patricia,Rodriguez,patriciarodriguez@bk.ru
Susan,Thompson,susanthompson@inbox.ru
David,Martinez,davidmartinez@iCloud.com
Mark,Thomas,markthomas@rambler.ru
Susan,Anderson,susananderson@aol.com
Barbara,Smith,barbarasmith@gmail.com
Elizabeth,Anderson,elizabethanderson@outlook.com
Thomas,White,thomaswhite@iCloud.com
Susan,White,susanwhite@inbox.ru
John,Moore,johnmoore@iCloud.com
William,Martinez,williammartinez@inbox.ru
Barbara,Davis,barbaradavis@aol.com
Maria,Jones,mariajones@bk.ru
Susan,Brown,susanbrown@yahoo.com
Maria,Smith,mariasmith@aol.com
John,Martinez,johnmartinez@inbox.ru
Patricia,Garcia,patriciagarcia@gmail.com
Daniel,Wilson,danielwilson@yandex.ru
Richard,Thompson,richardthompson@gmail.com
Susan,Johnson,susanjohnson@mail.ru
Elizabeth,Martin,elizabethmartin@gmail.com
Patricia,Wilson,patriciawilson@mail.ru
Elizabeth,Taylor,elizabethtaylor@internet.ru
Barbara,Martin,barbaramartin@internet.ru
John,Thompson,johnthompson@inbox.ru
Daniel,Rodriguez,danielrodriguez@yahoo.com
John,Jackson,johnjackson@gmail.com
Maria,Martinez,mariamartinez@outlook.com
Jennifer,Anderson,jenniferanderson@yahoo.com
Joseph,Thomas,josephthomas@gmail.com
Linda,Jones,lindajones@yahoo.com
David,Thomas,davidthomas@mail.ru
Mark,Anderson,markanderson@bk.ru
Robert,Rodriguez,robertrodriguez@gmail.com
Robert,Williams,robertwilliams@list.ru
John,Garcia,johngarcia@mail.ru
James,Martin,jamesmartin@gmail.com
David,White,davidwhite@mail.ru
Mark,Williams,markwilliams@yandex.ru
Linda,Miller,lindamiller@mail.ru
Michael,Garcia,michaelgarcia@iCloud.com
Robert,Miller,robertmiller@outlook.com
Thomas,Lee,thomaslee@iCloud.com
John,Smith,johnsmith@inbox.ru
Thomas,Rodriguez,thomasrodriguez@bk.ru
Mark,Martin,markmartin@rambler.ru
Thomas,Anderson,thomasanderson@internet.ru
Elizabeth,Thomas,elizabeththomas@aol.com
Richard,Johnson,richardjohnson@mail.ru
Mary,White,marywhite@yandex.ru
Elizabeth,Rodriguez,elizabethrodriguez@inbox.ru
William,White,williamwhite@outlook.com
William,Jackson,williamjackson@bk.ru
James,Taylor,jamestaylor@rambler.ru
Thomas,Martin,thomasmartin@outlook.com
Thomas,Thomas,thomasthomas@aol.com
Joseph,Martinez,josephmartinez@bk.ru
Barbara,Jones,barbarajones@mail.ru
Linda,Moore,lindamoore@internet.ru
Susan,Miller,susanmiller@outlook.com
Jennifer,Garcia,jennifergarcia@aol.com
Patricia,White,patriciawhite@bk.ru
Mary,Martin,marymartin@yahoo.com
William,Thomas,williamthomas@internet.ru
Linda,Williams,lindawilliams@list.ru
Mary,Thompson,marythompson@yandex.ru
Barbara,Anderson,barbaraanderson@bk.ru
Charles,Anderson,charlesanderson@outlook.com
Mark,White,markwhite@gmail.com
Daniel,Taylor,danieltaylor@bk.ru
Patricia,Lee,patricialee@bk.ru
James,Rodriguez,jamesrodriguez@gmail.com
Charles,Rodriguez,charlesrodriguez@outlook.com
Barbara,Brown,barbarabrown@rambler.ru
John,Taylor,johntaylor@internet.ru
James,Jones,jamesjones@yahoo.com
Robert,Jackson,robertjackson@mail.ru
Elizabeth,Wilson,elizabethwilson@yandex.ru
Joseph,Jones,josephjones@mail.ru
John,Anderson,johnanderson@outlook.com
Mark,Thompson,markthompson@iCloud.com
William,Johnson,williamjohnson@internet.ru
Richard,Williams,richardwilliams@bk.ru
Richard,Martin,richardmartin@outlook.com
Jennifer,Martinez,jennifermartinez@outlook.com
Thomas,Davis,thomasdavis@gmail.com
Charles,Brown,charlesbrown@inbox.ru
Maria,Johnson,mariajohnson@list.ru
Richard,Davis,richarddavis@gmail.com
Elizabeth,Garcia,elizabethgarcia@inbox.ru
Charles,White,charleswhite@inbox.ru
Thomas,Williams,thomaswilliams@iCloud.com
Barbara,Jackson,barbarajackson@bk.ru
Joseph,Thompson,josephthompson@gmail.com
Maria,Taylor,mariataylor@gmail.com
Linda,Martinez,lindamartinez@aol.com
Susan,Jackson,susanjackson@mail.ru
Jennifer,Taylor,jennifertaylor@yandex.ru
David,Miller,davidmiller@aol.com
Charles,Jones,charlesjones@gmail.com
Richard,Brown,richardbrown@yahoo.com
Jennifer,Jones,jenniferjones@yandex.ru
John,Jones,johnjones@aol.com
Michael,Thompson,michaelthompson@mail.ru
Susan,Rodriguez,susanrodriguez@inbox.ru
Patricia,Taylor,patriciataylor@outlook.com
Joseph,Martin,josephmartin@internet.ru
Susan,Martinez,susanmartinez@yahoo.com
Joseph,Brown,josephbrown@list.ru
Barbara,Wilson,barbarawilson@yandex.ru
Michael,Thomas,michaelthomas@mail.ru
David,Jackson,davidjackson@bk.ru
Michael,Rodriguez,michaelrodriguez@list.ru
Michael,Moore,michaelmoore@bk.ru
Jennifer,Thomas,jenniferthomas@iCloud.com
Mary,Davis,marydavis@gmail.com
Elizabeth,White,elizabethwhite@gmail.com
Robert,Garcia,robertgarcia@rambler.ru
Elizabeth,Jackson,elizabethjackson@rambler.ru
Richard,Taylor,richardtaylor@gmail.com
Mary,Thomas,marythomas@iCloud.com
Thomas,Smith,thomassmith@yahoo.com
James,White,jameswhite@aol.com
Barbara,Williams,barbarawilliams@aol.com
Charles,Garcia,charlesgarcia@mail.ru
Susan,Wilson,susanwilson@bk.ru
Linda,Wilson,lindawilson@inbox.ru
Charles,Thomas,charlesthomas@yandex.ru
John,Thomas,johnthomas@bk.ru
Patricia,Martin,patriciamartin@iCloud.com
Maria,Miller,mariamiller@iCloud.com
Susan,Martin,susanmartin@gmail.com
David,Martin,davidmartin@list.ru
David,Garcia,davidgarcia@yahoo.com
Joseph,Moore,josephmoore@mail.ru
Robert,Wilson,robertwilson@iCloud.com
David,Williams,davidwilliams@list.ru
Joseph,Lee,josephlee@list.ru
Maria,Davis,mariadavis@mail.ru
Joseph,Jackson,josephjackson@outlook.com
Linda,Garcia,lindagarcia@outlook.com
Joseph,Wilson,josephwilson@rambler.ru
Mark,Wilson,markwilson@inbox.ru
Robert,Thomas,robertthomas@mail.ru
Robert,Johnson,robertjohnson@rambler.ru
Robert,Taylor,roberttaylor@inbox.ru
David,Moore,davidmoore@list.ru
Joseph,White,josephwhite@bk.ru
Robert,Anderson,robertanderson@yandex.ru
Daniel,Thompson,danielthompson@aol.com
Linda,Thompson,lindathompson@yahoo.com
Patricia,Davis,patriciadavis@mail.ru
Michael,Williams,michaelwilliams@inbox.ru
Daniel,Jackson,danieljackson@bk.ru
Susan,Thomas,susanthomas@mail.ru
Patricia,Smith,patriciasmith@bk.ru
Barbara,Garcia,barbaragarcia@inbox.ru
John,Johnson,johnjohnson@internet.ru
David,Anderson,davidanderson@rambler.ru
Richard,Thomas,richardthomas@internet.ru
David,Johnson,davidjohnson@mail.ru
Jennifer,Wilson,jenniferwilson@aol.com
Mark,Jackson,markjackson@internet.ru
Susan,Garcia,susangarcia@rambler.ru
Richard,Jackson,richardjackson@bk.ru
Barbara,Miller,barbaramiller@yahoo.com
William,Williams,williamwilliams@iCloud.com
William,Rodriguez,williamrodriguez@gmail.com
David,Rodriguez,davidrodriguez@yandex.ru
Linda,Taylor,lindataylor@yahoo.com
Joseph,Williams,josephwilliams@outlook.com
Mary,Lee,marylee@yahoo.com
Michael,Martin,michaelmartin@internet.ru
Linda,Brown,lindabrown@gmail.com
Charles,Williams,charleswilliams@gmail.com
Michael,Davis,michaeldavis@aol.com
Elizabeth,Williams,elizabethwilliams@gmail.com
Joseph,Miller,josephmiller@gmail.com
James,Smith,jamessmith@aol.com
Jennifer,Thompson,jenniferthompson@yahoo.com